condition,persona,top_level_url,total_tp_requests,tracker_requests,unique_tracker_domains
persona_only,adult,https://61e0e1f1f7f105f04094ec3ebc504b0a.safeframe.googlesyndication.com/safeframe/1-0-45/html/container.html,2,2,1
persona_only,adult,https://6c29aadaf313a6149c8a2b4f6cdd753e.safeframe.googlesyndication.com/safeframe/1-0-45/html/container.html,1,1,1
persona_only,adult,https://ae.nflximg.net/monet/scripts/netflix_tag_05.html?data=%7B%22membership_status%22%3A%22ANONYMOUS%22%2C%22country%22%3A%22US%22%2C%22region_code%22%3A%22NC%22%2C%22is_member%22%3A%22ANONYMOUS%22%2C%22wasFormerMember%22%3Afalse%2C%22referrer%22%3A%22nmLanding%22%2C%22deniedConsentCookieGroups%22%3A%22C0005%22%7D,4,0,0
persona_only,adult,https://b439fd79be3a9180e7e663f0852f18c0.safeframe.googlesyndication.com/safeframe/1-0-45/html/container.html,1,1,1
persona_only,adult,https://b9282ed49b666ab71dead3b0de9eaff8.safeframe.googlesyndication.com/safeframe/1-0-45/html/container.html,1,1,1
persona_only,adult,https://bc159fc7b21d79fb93e886d1952ee468.safeframe.googlesyndication.com/safeframe/1-0-45/html/container.html,2,2,1
persona_only,adult,https://d0e6a070cbb77871bac89d3bc4cd8276.safeframe.googlesyndication.com/safeframe/1-0-45/html/container.html,1,1,1
persona_only,adult,https://e4da209a6f71a6be6db1d50a9a9dec50.safeframe.googlesyndication.com/safeframe/1-0-45/html/container.html,1,1,1
persona_only,adult,https://medium.com/,20,0,0
persona_only,adult,https://open.spotify.com/,227,27,6
persona_only,adult,https://open.spotify.com/service-worker.js,404,0,0
persona_only,adult,https://www.airbnb.com/,247,11,3
persona_only,adult,https://www.bankofamerica.com/,257,2,1
persona_only,adult,https://www.bbc.com/,180,10,3
persona_only,adult,https://www.bestbuy.com/home,168,24,2
persona_only,adult,https://www.bloomberg.com/,462,43,7
persona_only,adult,https://www.booking.com/?chal_t=1764019261029&force_referer=,132,5,1
persona_only,adult,https://www.booking.com/?chal_t=1764021199817&force_referer=,159,12,4
persona_only,adult,https://www.chase.com/,9,0,0
persona_only,adult,https://www.cnn.com/,61,5,1
persona_only,adult,https://www.cosmopolitan.com/,229,57,8
persona_only,adult,https://www.economist.com/,430,99,8
persona_only,adult,https://www.elle.com/,230,47,8
persona_only,adult,https://www.espn.com/,295,44,5
persona_only,adult,https://www.foxnews.com/,1230,170,6
persona_only,adult,https://www.glassdoor.com/index.htm,72,6,2
persona_only,adult,https://www.glassdoor.com/sw.js,24,0,0
persona_only,adult,https://www.google.com/recaptcha/enterprise/webworker.js?hl=en&v=TkacYOdEJbdB_JjX802TMer9,13,0,0
persona_only,adult,https://www.healthline.com/,328,21,5
persona_only,adult,https://www.hulu.com/welcome,295,28,4
persona_only,adult,https://www.indeed.com/,8,0,0
persona_only,adult,https://www.linkedin.com/,107,2,1
persona_only,adult,https://www.macys.com/,623,83,8
persona_only,adult,https://www.menshealth.com/,192,41,8
persona_only,adult,https://www.monster.com/,40,4,1
persona_only,adult,https://www.nbcnews.com/,756,101,6
persona_only,adult,https://www.nerdwallet.com/,176,36,7
persona_only,adult,https://www.netflix.com/,128,14,3
persona_only,adult,https://www.nytimes.com/,370,50,5
persona_only,adult,https://www.quora.com/,59,6,2
persona_only,adult,https://www.quora.com/sw.js,2,0,0
persona_only,adult,https://www.redfin.com/,167,36,7
persona_only,adult,https://www.reuters.com/,375,50,7
persona_only,adult,https://www.si.com/,1187,38,6
persona_only,adult,https://www.target.com/,321,34,2
persona_only,adult,https://www.theguardian.com/us,334,25,5
persona_only,adult,https://www.tripadvisor.com/,12,0,0
persona_only,adult,https://www.vogue.com/,315,70,8
persona_only,adult,https://www.walmart.com/,339,7,3
persona_only,adult,https://www.webmd.com/,1636,172,9
persona_only,adult,https://www.wsj.com/,762,108,8
persona_only,adult,https://www.zillow.com/,273,45,7
persona_only,child,https://abc.com/shows/abc-kids,682,5,1
persona_only,child,https://disneynow.com/all-shows/disney-junior,269,5,2
persona_only,child,https://googleads.g.doubleclick.net/pagead/ads?client=ca-pub-1812181023936325&output=html&h=250&slotname=9823083246&adk=739222223&adf=1127324848&pi=t.ma~as.9823083246&w=300&lmt=1764017986&format=300x250&url=https%3A%2F%2Fwww.funology.com%2F&wgl=1&aieuf=1&aicrs=1&abgtt=6&dt=1764017984998&bpp=13&bdt=2479&idt=1099&shv=r20251118&mjsv=m202511120101&ptt=9&saldr=aa&abxe=1&cookie_enabled=1&eoidce=1&prev_fmts=0x0&nras=1&correlator=3457191980293&frm=20&pv=1&u_tz=-300&u_his=1&u_h=982&u_w=1512&u_ah=886&u_aw=1512&u_cd=30&u_sd=2&adx=885&ady=1747&biw=1366&bih=684&scr_x=0&scr_y=0&eid=31095753%2C31095810%2C31095814%2C95376707%2C95377335%2C95344787%2C95377245&oid=2&pvsid=2211352403747600&tmod=70452237&uas=0&nvt=1&fc=1920&brdim=222%2C38%2C222%2C38%2C1512%2C38%2C1366%2C768%2C1366%2C684&vis=1&rsz=%7C%7CoeEbr%7C&abl=CS&pfx=0&fu=0&bc=31&bz=1&ifi=2&uci=a!2&btvi=1&fsb=1&dtd=1284,2,2,1
persona_only,child,https://googleads.g.doubleclick.net/pagead/ads?client=ca-pub-1812181023936325&output=html&h=250&slotname=9823083246&adk=739222223&adf=1127324848&pi=t.ma~as.9823083246&w=300&lmt=1764020065&format=300x250&url=https%3A%2F%2Fwww.funology.com%2F&wgl=1&aieuf=1&aicrs=1&abgtt=6&dt=1764020064584&bpp=50&bdt=2525&idt=1011&shv=r20251118&mjsv=m202511120101&ptt=9&saldr=aa&abxe=1&cookie_enabled=1&eoidce=1&prev_fmts=0x0&nras=1&correlator=6291850177496&frm=20&pv=1&u_tz=-300&u_his=1&u_h=982&u_w=1512&u_ah=886&u_aw=1512&u_cd=30&u_sd=2&adx=885&ady=1747&biw=1366&bih=684&scr_x=0&scr_y=0&eid=31095752%2C31095809%2C31095811%2C31095814%2C95376242%2C95376711%2C95377335%2C95377910&oid=2&pvsid=4629826255946196&tmod=229086332&uas=0&nvt=1&fc=1920&brdim=222%2C38%2C222%2C38%2C1512%2C38%2C1366%2C768%2C1366%2C684&vis=1&rsz=%7C%7CoeEbr%7C&abl=CS&pfx=0&fu=0&bc=31&bz=1&ifi=2&uci=a!2&btvi=1&fsb=1&dtd=1086,2,2,1
persona_only,child,https://googleads.g.doubleclick.net/pagead/html/r20251118/r20190131/zrt_lookup_fy2021.html#RS-0-&adk=1812271801&client=ca-pub-0503599121646504&fa=1&ifi=2&uci=a!2&btvi=1,7,7,1
persona_only,child,https://highlights.bitsbox.com/,5,5,1
persona_only,child,https://kids.nationalgeographic.com/,183,0,0
persona_only,child,https://kids.nationalgeographic.com/games,117,0,0
persona_only,child,https://kids.nationalgeographic.com/little-kids/topic/littlekids,134,1,1
persona_only,child,https://kids.poki.com/,60,0,0
persona_only,child,https://kids.scholastic.com/kid/home/,60,0,0
persona_only,child,https://pbskids.org/,11,9,2
persona_only,child,https://rangerrick.org/rangerrickathome/,387,65,4
persona_only,child,https://shop.mattel.com/pages/fisher-price,447,19,5
persona_only,child,https://storylineonline.net/,20,16,3
persona_only,child,https://woobox.com/jyob8z?embed=1&plugin=%257B%2522pid%2522%253A%2522jyob8z_0%2522%252C%2522fid%2522%253A%2522offer%2522%257D,8,2,1
persona_only,child,https://woobox.com/jyob8z?embed=1&plugin=%257B%2522pid%2522%253A%2522jyob8z_1%2522%252C%2522fid%2522%253A%2522offer%2522%257D,8,2,1
persona_only,child,https://www.abcmouse.com/abc/?8a08850bc2=T1277562957.1764018148.9198,88,12,5
persona_only,child,https://www.abcmouse.com/abc/?8a08850bc2=T1277562957.1764020129.4,99,13,5
persona_only,child,https://www.abcya.com/,104,36,4
persona_only,child,https://www.brainpop.com/,12,4,1
persona_only,child,https://www.brainpop.com/discover/,310,6,2
persona_only,child,https://www.brainpop.com/discover/_partials/wix-thunderbolt/dist/clientWorker.04be4545.bundle.min.js,122,0,0
persona_only,child,https://www.coolkidfacts.com/,188,28,6
persona_only,child,https://www.coolmathgames.com/,411,60,6
persona_only,child,https://www.coolmathgames.com/0-poptropica,504,44,6
persona_only,child,https://www.crayola.com/,133,30,3
persona_only,child,https://www.e-learningforkids.org/,117,6,2
persona_only,child,https://www.education.com/,68,12,3
persona_only,child,https://www.funbrain.com/,177,54,5
persona_only,child,https://www.funology.com/,2000,203,7
persona_only,child,https://www.gamesgames.com/games/kids-games,144,10,2
persona_only,child,https://www.google.com/recaptcha/enterprise/webworker.js?hl=en&v=TkacYOdEJbdB_JjX802TMer9,5,0,0
persona_only,child,https://www.happyclicks.net/,115,12,5
persona_only,child,https://www.hbomax.com/channel/cartoon-network#modal-cartoon-network,64,5,2
persona_only,child,https://www.highlightskids.com/,1048,20,3
persona_only,child,https://www.nasa.gov/learning-resources/nasa-kids-club/,26,14,2
persona_only,child,https://www.nick.com/nick-jr/nick-jr?xrs=PPM-18-10caf1g,119,24,2
persona_only,child,https://www.owlieboo.com/,180,77,5
persona_only,child,https://www.roomrecess.com/,417,59,6
persona_only,child,https://www.safekidgames.com/,223,74,6
persona_only,child,https://www.sesamestreet.org/,6,0,0
persona_only,child,https://www.splashlearn.com/,130,18,2
persona_only,child,https://www.switchzoo.com/,18,6,2
persona_only,child,https://www.timeforkids.com/,66,20,3
persona_only,child,https://www.turtlediary.com/,438,102,5
persona_only,child,https://www.youtube.com/@BoomerangUK,18,2,1
persona_only,child,https://www.youtube.com/@BoomerangUK?themeRefresh=1,131,3,1
same_sites,adult,https://ae.nflximg.net/monet/scripts/netflix_tag_05.html?data=%7B%22membership_status%22%3A%22ANONYMOUS%22%2C%22country%22%3A%22US%22%2C%22region_code%22%3A%22NC%22%2C%22is_member%22%3A%22ANONYMOUS%22%2C%22wasFormerMember%22%3Afalse%2C%22referrer%22%3A%22nmLanding%22%2C%22deniedConsentCookieGroups%22%3A%22C0005%22%7D,4,1,1
same_sites,adult,https://open.spotify.com/,115,13,5
same_sites,adult,https://open.spotify.com/service-worker.js,202,0,0
same_sites,adult,https://www.amazon.com/,6,0,0
same_sites,adult,https://www.apple.com/,10,0,0
same_sites,adult,https://www.ebay.com/,123,21,5
same_sites,adult,https://www.google.com/,5,0,0
same_sites,adult,https://www.google.com/recaptcha/enterprise/webworker.js?hl=en&v=TkacYOdEJbdB_JjX802TMer9,4,0,0
same_sites,adult,https://www.imdb.com/,288,14,5
same_sites,adult,https://www.instagram.com/,24,1,1
same_sites,adult,https://www.microsoft.com/en-us/,106,9,5
same_sites,adult,https://www.netflix.com/,62,6,3
same_sites,adult,https://www.reddit.com/,208,4,3
same_sites,adult,https://www.tiktok.com/,8,0,0
same_sites,adult,https://www.tiktok.com/explore,281,0,0
same_sites,adult,https://www.tiktok.com/sw.js,26,0,0
same_sites,adult,https://www.yahoo.com/,172,14,7
same_sites,adult,https://www.youtube.com/,9,1,1
same_sites,adult,https://www.youtube.com/?themeRefresh=1,108,3,1
same_sites,adult,https://x.com/,80,0,0
same_sites,child,https://ae.nflximg.net/monet/scripts/netflix_tag_05.html?data=%7B%22membership_status%22%3A%22ANONYMOUS%22%2C%22country%22%3A%22US%22%2C%22region_code%22%3A%22NC%22%2C%22is_member%22%3A%22ANONYMOUS%22%2C%22wasFormerMember%22%3Afalse%2C%22referrer%22%3A%22nmLanding%22%2C%22deniedConsentCookieGroups%22%3A%22C0005%22%7D,4,1,1
same_sites,child,https://open.spotify.com/,114,13,5
same_sites,child,https://open.spotify.com/service-worker.js,202,0,0
same_sites,child,https://www.amazon.com/,6,0,0
same_sites,child,https://www.apple.com/,10,0,0
same_sites,child,https://www.ebay.com/,123,21,5
same_sites,child,https://www.google.com/,5,0,0
same_sites,child,https://www.google.com/recaptcha/enterprise/webworker.js?hl=en&v=TkacYOdEJbdB_JjX802TMer9,4,0,0
same_sites,child,https://www.imdb.com/,325,14,5
same_sites,child,https://www.instagram.com/,25,1,1
same_sites,child,https://www.microsoft.com/en-us/,130,12,5
same_sites,child,https://www.netflix.com/,62,6,3
same_sites,child,https://www.reddit.com/,58,4,3
same_sites,child,https://www.tiktok.com/,8,0,0
same_sites,child,https://www.tiktok.com/explore,289,0,0
same_sites,child,https://www.tiktok.com/sw.js,26,0,0
same_sites,child,https://www.yahoo.com/,169,15,7
same_sites,child,https://www.youtube.com/,9,1,1
same_sites,child,https://www.youtube.com/?themeRefresh=1,102,3,1
same_sites,child,https://x.com/,80,0,0
