website,privacy_policy_present,privacy_policy_url,asks_personal_data,parental_consent_mentioned,total_third_party_domains,third_party_domains_list,ads_detected,ad_types,ad_indicator_score,child_friendly_ui,ui_score_percentage,coppa_score,coppa_percentage,coppa_compliant,coppa_issues
https://pbskids.org,Yes,https://pbskids.org/privacy,No,No,4,"googletagmanager.com, w3.org, pbs.org, sentry.io",Yes,"Display, Video",22,Not Child-Friendly,38.0%,3/8,37.5%,No,No child section in privacy policy; No parental consent mechanism; Insufficient data disclosure; No age verification; Advertising detected
https://www.nickjr.com,Yes,https://privacy.paramount.com/childrens-short,No,No,19,"nick.com, tvguidelines.org, comnull, onetrust.com, paramount.com, paramount.tech, apple.com, github.com, newrelic.com, cookielaw.org, transaction, google.com, mtvnservices.com, w3.org, cbsi.com...",Yes,Display,8,Highly Child-Friendly,78.0%,2/8,25.0%,No,No child section in privacy policy; No parental consent mechanism; Insufficient data disclosure; No age verification; Too many third-parties (19); Advertising detected
https://disneyjunior.disney.com,Yes,https://privacy.thewaltdisneycompany.com/current-privacy-policy/,No,No,10,"cloudfront.net, thewaltdisneycompany.com, espn.com, edgedatg.com, disneytermsofuse.com, tvguidelines.org, go.com, disneynow.com, adobe.com, schema.org",Yes,"Display, Banner",5,Moderately Child-Friendly,40.0%,4/8,50.0%,No,No parental consent mechanism; No age verification; Too many third-parties (10); Advertising detected
https://www.sesamestreet.org,No,Not Found,No,No,14,"lernerbooks.com, amazon.com, sesameworkshop.org, sesameplace.com, sesamestreetlive.com, jwplayer.com, osano.com, roblox.com, cloudflare.com, americandream.com, beaches.com, ead.me, googletagmanager.com, cottagedoorpress.com",Likely,None detected,2,Not Child-Friendly,33.0%,1/8,12.5%,No,No privacy policy; No age verification; Too many third-parties (14); Advertising detected
https://kids.nationalgeographic.com,Yes,https://privacy.thewaltdisneycompany.com/en/current-privacy-policy/,No,No,13,"thewaltdisneycompany.com, nielsen.com, espn.com, ensighten.com, ngmservice.com, trustarc.com, disneyprivacycenter.com, shopdisney.com, disneytermsofuse.com, natgeokids.com, nationalgeographic.org, natgeofe.com, facebook.com",Yes,Display,41,Moderately Child-Friendly,58.0%,5/8,62.5%,Yes,No age verification; Too many third-parties (13); Advertising detected
https://www.abcya.com,No,Not Found,No,No,1,googletagmanager.com,No,Display,1,Not Child-Friendly,23.0%,3/8,37.5%,No,No privacy policy; No age verification
https://www.starfall.com,Yes,https://teach.starfall.com/privacy,No,No,0,,Yes,"Display, Banner",13,Not Child-Friendly,32.0%,5/8,62.5%,Yes,No parental consent mechanism; No age verification; Advertising detected
https://www.funbrain.com,No,Not Found,No,No,5,"cloudfront.net, scorecardresearch.com, ravenjs.com, googletagmanager.com, schema.org",No,None detected,0,Not Child-Friendly,26.0%,3/8,37.5%,No,No privacy policy; No age verification
https://www.poptropica.com,Yes,https://www.poptropica.com/privacyp,No,No,29,"youtube.com, xmlns.com, btloader.com, truex.com, instagram.com, coolmath4teachers.com, googleapis.com, facebook.com, coolmath4kids.com, twitter.com, coolmath.com, tiktok.com, visualwebsiteoptimizer.com, rdfs.org, coolmath4parents.com...",Yes,Display,137,Highly Child-Friendly,70.0%,2/8,25.0%,No,Cannot access privacy policy; No age verification; Too many third-parties (29); Advertising detected
https://www.cartoonnetwork.com,Yes,https://www.cartoonnetwork.com/privacy,No,No,11,"warnermediacdn.com, hbomax.com, w3.org, discomax.com, wbd.com, signalsciences.net, CartoonNetwork.com, warnermediaprivacy.com, sentry-cdn.com, go-mpulse.net, googletagmanager.com",Yes,Display,58,Moderately Child-Friendly,51.0%,4/8,50.0%,No,No parental consent mechanism; No age verification; Too many third-parties (11); Advertising detected
https://www.highlightskids.com,Yes,https://www.highlights.com/content/highlights-kids-privacy-policy,No,No,12,"bitsbox.com, youtube.com, amazon.com, apple.com, abtasty.com, w3.org, azureedge.net, highlights.com, onelink.me, bohemiancoding.com, googletagmanager.com, google.com",Yes,"Display, Banner",34,Highly Child-Friendly,82.0%,4/8,50.0%,No,No parental consent mechanism; No age verification; Too many third-parties (12); Advertising detected
https://kids.scholastic.com,Yes,https://kids.scholastic.com/content/kids64/en/privacy-kids.html,No,No,4,"googleapis.com, w3.org, cloudflare.com, schema.org",Yes,"Display, Popup",7,Moderately Child-Friendly,46.0%,6/8,75.0%,Yes,No age verification; Advertising detected
https://www.crayola.com,Yes,https://www.crayola.com/privacy-policy,Yes,No,13,"crayolacreateandplay.com, azure.com, crayola.ca, levelaccess.com, apple.com, w3.org, scribblescrubbiepets.app, cloudflare.com, bc0a.com, microsoft.com, googletagmanager.com, monetate.net, likebtn.com",Yes,"Display, Banner",29,Highly Child-Friendly,78.0%,4/8,50.0%,No,No parental consent mechanism; No age verification; Too many third-parties (13); Advertising detected
https://kids.lego.com,No,Not Found,No,No,1,LEGO.com,Likely,None detected,3,Not Child-Friendly,20.0%,2/8,25.0%,No,No privacy policy; No age verification; Advertising detected
https://www.fisher-price.com,Yes,https://mattelsupport.com/privacy-statement/,Yes,No,39,"mattelsupport.com, gstatic.com, myshopify.com, youtube.com, flaglog.com, mattel.com, megaconstrux.com, googleapis.com, klaviyo.com, contentstack.io, barbie.com, optimizely.com, netlify.app, bazaarvoice.com, searchspring.net...",Yes,"Display, Popup",461,Moderately Child-Friendly,58.0%,5/8,62.5%,Yes,No age verification; Too many third-parties (39); Advertising detected
https://www.coolmathgames.com,Yes,https://www.coolmathgames.com/privacyp,No,No,20,"youtube.com, coolmath4teachers.com, instagram.com, facebook.com, coolmath4kids.com, twitter.com, coolmath.com, google-analytics.com, tiktok.com, visualwebsiteoptimizer.com, coolmath4parents.com, apple.com, intergient.com, x.com, googletagmanager.com...",Yes,Display,388,Highly Child-Friendly,80.0%,5/8,62.5%,Yes,No age verification; Too many third-parties (20); Advertising detected
https://www.brainpop.com,No,Not Found,No,No,4,"newrelic.com, github.com, googletagmanager.com, transaction",No,None detected,1,Not Child-Friendly,20.0%,3/8,37.5%,No,No privacy policy; No age verification
https://www.funology.com,Yes,https://www.funology.com/privacy-policy,No,No,15,"w.org, bigfishpond.com, grmtas.com, googlesyndication.com, fastclick.net, gourmetads.com, godaddy.com, thedenleader.com, pinterest.com, googleapis.com, twitter.com, media.net, googletagmanager.com, facebook.com, schema.org",Yes,Display,26,Moderately Child-Friendly,59.0%,4/8,50.0%,No,No parental consent mechanism; No age verification; Too many third-parties (15); Advertising detected
https://www.switchzoo.com,Yes,https://switchzoo.com/privacy-policy/,No,No,4,"googletagmanager.com, tubehead.com, wsimg.com, enzuzo.com",No,None detected,0,Moderately Child-Friendly,52.0%,4/8,50.0%,No,No child section in privacy policy; No parental consent mechanism; Insufficient data disclosure; No age verification
https://www.abcmouse.com,No,Not Found,No,No,4,"googleapis.com, cdn-apple.com, gstatic.com, perimeterx.net",No,None detected,0,Not Child-Friendly,20.0%,3/8,37.5%,No,No privacy policy; No age verification
https://www.education.com,Yes,https://www.education.com/privacy/,No,No,19,"vocabulary.com, emmersion.ai, youtube.com, abcya.com, rosettastone.com, instagram.com, teacherspayteachers.com, facebook.com, ixl.com, pinterest.com, wyzant.com, twitter.com, impact.com, google-analytics.com, spanishdict.com...",Yes,"Display, Popup, Banner",19,Highly Child-Friendly,85.0%,4/8,50.0%,No,No parental consent mechanism; No age verification; Too many third-parties (19); Advertising detected
https://www.turtlediary.com,Yes,https://www.turtlediary.com/privacy-policy.html,No,No,13,"eagertots.com, youtube.com, powerad.ai, github.com, jquery.com, pinterest.com, cloudflare.com, googleapis.com, twitter.com, googletagmanager.com, facebook.com, google.com, schema.org",Yes,"Display, Popup",59,Moderately Child-Friendly,60.0%,5/8,62.5%,Yes,No age verification; Too many third-parties (13); Advertising detected
https://www.roomrecess.com,Yes,https://www.roomrecess.com/privacypolicy.html,No,No,11,"admetricspro.com, youtube.com, revcatch.com, pinterest.com, protectsubrev.com, instagram.com, youtu.be, googleapis.com, twitter.com, googletagmanager.com, facebook.com",Yes,Display,13,Moderately Child-Friendly,55.0%,5/8,62.5%,Yes,No age verification; Too many third-parties (11); Advertising detected
https://www.splashlearn.com,Yes,https://www.splashlearn.com/administrators/data-privacy-agreements,No,No,16,"google-analytics.com, youtube.com, enzuzo.com, splashmath.com, typekit.net, linkedin.com, apple.com, mxpnl.com, w3.org, instagram.com, googleapis.com, twitter.com, googletagmanager.com, facebook.com, google.com...",Yes,"Display, Popup",122,Highly Child-Friendly,75.0%,3/8,37.5%,No,No parental consent mechanism; Insufficient data disclosure; No age verification; Too many third-parties (16); Advertising detected
https://www.e-learningforkids.org,No,Not Found,No,No,10,"sqspcdn.com, gstatic.com, opengraphprotocol.org, typekit.net, squarespace-cdn.com, squarespace.com, googleapis.com, googletagmanager.com, facebook.com, schema.org",Yes,"Display, Banner",9,Not Child-Friendly,36.0%,1/8,12.5%,No,No privacy policy; No age verification; Too many third-parties (10); Advertising detected
https://www.coolkidfacts.com,Yes,https://www.coolkidfacts.com/privacy-policy/,Yes,No,12,"w.org, mediavine.com, youtube.com, morehubbub.com, monsterinsights.com, w3.org, pinterest.com, wp-rocket.me, facebook.net, googletagmanager.com, facebook.com, schema.org",Yes,Display,24,Not Child-Friendly,32.0%,3/8,37.5%,No,No child section in privacy policy; No parental consent mechanism; No age verification; Too many third-parties (12); Advertising detected
https://kids.nationalgeographic.com/littlekids,Yes,https://privacy.thewaltdisneycompany.com/en/current-privacy-policy/,No,No,12,"thewaltdisneycompany.com, nielsen.com, espn.com, ensighten.com, ngmservice.com, trustarc.com, disneyprivacycenter.com, shopdisney.com, disneytermsofuse.com, nationalgeographic.org, natgeofe.com, facebook.com",Yes,"Display, Banner",35,Moderately Child-Friendly,65.0%,5/8,62.5%,Yes,No age verification; Too many third-parties (12); Advertising detected
https://www.nasa.gov/kidsclub,Yes,https://www.nasa.gov/nasa-web-privacy-policy-and-important-notices/,Yes,No,14,"w.org, youtube.com, ogp.me, parsely.com, w3.org, about, x.com, gmpg.org, rankmath.com, instagram.com, facebook.com, googletagmanager.com, digitalgov.gov, google.com",Yes,Display,216,Moderately Child-Friendly,58.0%,5/8,62.5%,Yes,No age verification; Too many third-parties (14); Advertising detected
https://www.dkfindout.com,Yes,https://www.dkfindout.com/uk/info/privacy,No,No,7,"graphassets.com, w3.org, phonicbooks.co.uk, dkefe.com, graphcms.com, googletagmanager.com, dk.com",Yes,"Display, Banner",25,Not Child-Friendly,39.0%,3/8,37.5%,No,No parental consent mechanism; Insufficient data disclosure; No age verification; Too many third-parties (7); Advertising detected
https://www.storylineonline.net,Yes,https://www.storylineonline.net/privacy-policy/,Yes,No,14,"w.org, yoast.com, google-analytics.com, youtube.com, list-manage.com, apple.com, w3.org, x.com, sagaftra.foundation, instagram.com, googletagmanager.com, facebook.com, google.com, schema.org",Yes,Display,5,Moderately Child-Friendly,51.0%,4/8,50.0%,No,No parental consent mechanism; No age verification; Too many third-parties (14); Advertising detected
https://www.safekidgames.com,Yes,https://www.safekidgames.com/privacy-policy/,No,No,9,"admetricspro.com, w.org, revcatch.com, cloudflare.com, protectsubrev.com, googleapis.com, googletagmanager.com, zencdn.net, schema.org",Yes,Display,67,Moderately Child-Friendly,45.0%,4/8,50.0%,No,No parental consent mechanism; No age verification; Too many third-parties (9); Advertising detected
https://kids.poki.com,Yes,https://kids.poki.com/privacy-info,No,No,3,"poki-cdn.com, kidsafeseal.com, schema.org",Likely,Display,3,Moderately Child-Friendly,65.0%,3/8,37.5%,No,No child section in privacy policy; No parental consent mechanism; Insufficient data disclosure; No age verification; Advertising detected
https://www.owlieboo.com,Yes,https://owlieboo.com/privacy-policy/,No,No,21,"w.org, youtube.com, instagram.com, googleapis.com, facebook.com, googlesyndication.com, ilgufoboo.com, acorujaboo.com, coloring-online.com, tiktok.com, elbuhoboo.com, apple.com, lhibouboo.com, googletagmanager.com, google.com...",Yes,Display,35,Highly Child-Friendly,85.0%,4/8,50.0%,No,No parental consent mechanism; No age verification; Too many third-parties (21); Advertising detected
https://www.happyclicks.net,Yes,https://www.happyclicks.net/privacy-policy.php,No,No,8,"doubleclick.net, schema.org, ezojs.com, ezodn.com, gatekeeperconsent.com, toddlergamesonline.com, googletagmanager.com, ezoic.net",Yes,Display,34,Moderately Child-Friendly,58.0%,3/8,37.5%,No,No child section in privacy policy; No parental consent mechanism; No age verification; Too many third-parties (8); Advertising detected
https://www.gamesgames.com/games/kids-games,Yes,https://www.gamesgames.com/privacy-policy,No,No,47,"spel.nl, spelletjes.nl, youtube.com, linkedin.com, girlsgogames.co.uk, girlsgogames.com, jetztspielen.de, ojogos.com.br, ourgames.ru, giochi.it, facebook.com, cookiepro.com, a10.com, spela.se, mousebreaker.com...",Yes,Display,42,Moderately Child-Friendly,55.0%,4/8,50.0%,No,No parental consent mechanism; No age verification; Too many third-parties (47); Advertising detected
https://www.boomerangtv.co.uk/games,Yes,https://www.boomerangtv.co.uk/t/privacy,No,No,13,"gstatic.com, ytimg.com, youtube.com, 544007664, w3.org, googleusercontent.com, goo.gl, android.youtube, googlevideo.com, googleapis.com, google.com, boomerangtv.co.uk, schema.org",Yes,Display,10,Not Child-Friendly,35.0%,2/8,25.0%,No,No child section in privacy policy; No parental consent mechanism; Insufficient data disclosure; No age verification; Too many third-parties (13); Advertising detected
https://kids.nationalgeographic.com/games,Yes,https://privacy.thewaltdisneycompany.com/en/current-privacy-policy/,No,No,13,"thewaltdisneycompany.com, nielsen.com, espn.com, ensighten.com, ngmservice.com, trustarc.com, disneyprivacycenter.com, shopdisney.com, disneytermsofuse.com, natgeokids.com, nationalgeographic.org, natgeofe.com, facebook.com",Yes,"Display, Banner",92,Moderately Child-Friendly,48.0%,5/8,62.5%,Yes,No age verification; Too many third-parties (13); Advertising detected
https://www.timeforkids.com,Yes,https://www.timeforkids.com/privacy-policy/,No,No,12,"wordpress.com, gstatic.com, google-analytics.com, wp.me, w3.org, cookielaw.org, instagram.com, googleapis.com, twitter.com, wp.com, googletagmanager.com, facebook.com",Yes,"Display, Popup",86,Moderately Child-Friendly,55.0%,4/8,50.0%,No,No parental consent mechanism; No age verification; Too many third-parties (12); Advertising detected
